<?xml version="1.0" encoding="UTF-8"?>
<feature
      id="org.eclipse.mat.chart.feature"
      label="%featureName"
      version="1.4.0.qualifier"
      provider-name="%providerName"
      plugin="org.eclipse.mat.chart">

   <description>
      %description
   </description>

   <copyright>
      %copyright
   </copyright>

   <license url="%licenseURL">
      %license
   </license>

   <url>
      <update label="%updateSiteName" url="http://download.eclipse.org/mat/1.4/update-site/"/>
   </url>

   <requires>
      <import plugin="org.eclipse.ui" version="3.3.0" match="greaterOrEqual"/>
      <import plugin="org.eclipse.ui.forms" version="3.3.0" match="greaterOrEqual"/>
      <import plugin="org.eclipse.birt.chart.engine" version="2.3.0" match="greaterOrEqual"/>
      <import plugin="org.eclipse.birt.chart.device.extension" version="2.3.0" match="greaterOrEqual"/>
      <import plugin="org.eclipse.birt.chart.device.swt" version="2.3.0" match="greaterOrEqual"/>
      <import plugin="org.eclipse.birt.chart.engine.extension" version="2.3.0" match="greaterOrEqual"/>
      <import plugin="org.eclipse.birt.core" version="2.3.0" match="greaterOrEqual"/>
      <import plugin="org.eclipse.mat.ui" version="1.4.0" match="greaterOrEqual"/>
      <import feature="org.eclipse.mat.feature" version="1.4.0" match="greaterOrEqual"/>
   </requires>

   <plugin
         id="org.eclipse.mat.chart"
         download-size="12"
         install-size="12"
         version="0.0.0"
         unpack="false"/>

   <plugin
         id="org.eclipse.mat.chart.ui"
         download-size="13"
         install-size="13"
         version="0.0.0"
         unpack="false"/>

</feature>
