<?xml version="1.0" encoding="UTF-8"?>
<feature
      id="org.eclipse.mat.ui.rcp.feature"
      label="%featureName"
      version="1.4.0.qualifier"
      provider-name="%providerName"
      plugin="org.eclipse.mat.ui.rcp">

   <description>
      %description
   </description>

   <copyright>
      %copyright
   </copyright>

   <license url="%licenseURL">
      %license
   </license>

   <url>
      <update label="%updateSiteName" url="http://download.eclipse.org/mat/1.4/update-site/"/>
   </url>

   <requires>
      <import plugin="org.eclipse.platform" version="0.0.0" match="greaterOrEqual"/>
      <import plugin="org.eclipse.ui.intro" version="3.2.100" match="greaterOrEqual"/>
      <import plugin="org.eclipse.core.runtime" version="3.3.100" match="greaterOrEqual"/>
      <import plugin="org.eclipse.ui" version="3.3.0" match="greaterOrEqual"/>
      <import plugin="org.eclipse.ui.views.log" version="1.0.0" match="greaterOrEqual"/>
      <import plugin="org.eclipse.ui.net" version="0.0.0" match="greaterOrEqual"/>
      <import plugin="org.eclipse.core.resources" version="3.3.0" match="greaterOrEqual"/>
      <import plugin="org.eclipse.core.filesystem" version="1.1.0" match="greaterOrEqual"/>
      <import plugin="org.eclipse.ui.ide" version="3.3.0" match="greaterOrEqual"/>
      <import plugin="org.eclipse.ui.cheatsheets" version="3.3.0" match="greaterOrEqual"/>
      <import plugin="org.eclipse.ui.forms" version="3.3.0" match="greaterOrEqual"/>
      <import plugin="org.eclipse.help.base" version="3.3.0" match="greaterOrEqual"/>
      <import plugin="org.eclipse.birt.chart.engine" version="2.3.0" match="greaterOrEqual"/>
      <import plugin="org.eclipse.birt.chart.device.extension" version="2.3.0" match="greaterOrEqual"/>
      <import plugin="org.eclipse.birt.chart.device.swt" version="2.3.0" match="greaterOrEqual"/>
      <import plugin="org.eclipse.birt.chart.engine.extension" version="2.3.0" match="greaterOrEqual"/>
      <import plugin="org.eclipse.birt.core" version="2.3.0" match="greaterOrEqual"/>
   </requires>

   <plugin
         id="org.eclipse.mat.ui.rcp"
         download-size="69"
         install-size="69"
         version="0.0.0"
         unpack="false"/>
         
   <plugin
         id="org.eclipse.mat.report"
         download-size="286"
         install-size="286"
         version="0.0.0"
         unpack="false"/>

   <plugin
         id="org.eclipse.mat.api"
         download-size="625"
         install-size="625"
         version="0.0.0"
         unpack="false"/>

   <plugin
         id="org.eclipse.mat.hprof"
         download-size="62"
         install-size="62"
         version="0.0.0"
         unpack="false"/>

   <plugin
         id="org.eclipse.mat.parser"
         download-size="299"
         install-size="299"
         version="0.0.0"
         unpack="false"/>

   <plugin
         id="org.eclipse.mat.ui"
         download-size="724"
         install-size="724"
         version="0.0.0"
         unpack="false"/>

   <plugin
         id="org.eclipse.mat.ui.help"
         download-size="5842"
         install-size="5842"
         version="0.0.0"
         unpack="false"/>

   <plugin
         id="org.eclipse.mat.dtfj"
         download-size="88"
         install-size="88"
         version="0.0.0"
         unpack="false"/>

   <plugin
         id="org.eclipse.mat.ibmdumps"
         download-size="35"
         install-size="35"
         version="0.0.0"
         unpack="false"/>

   <plugin
         id="org.eclipse.mat.jruby.resolver"
         download-size="35"
         install-size="35"
         version="0.0.0"
         unpack="false"/>
         
   <plugin
         id="org.eclipse.mat.chart"
         download-size="12"
         install-size="12"
         version="0.0.0"
         unpack="false"/>

   <plugin
         id="org.eclipse.mat.chart.ui"
         download-size="13"
         install-size="13"
         version="0.0.0"
         unpack="false"/>

</feature>
