<?xml version="1.0" encoding="UTF-8"?>
<feature
      id="org.eclipse.mat.all.feature"
      label="%featureName"
      version="1.4.0.qualifier"
      provider-name="%providerName">

   <description>
      %description
   </description>

   <copyright>
      %copyright
   </copyright>

   <license url="%licenseURL">
      %license
   </license>

   <url>
      <update label="%updateSiteName" url="http://download.eclipse.org/mat/1.3/update-site/"/>
   </url>

   <includes
         id="org.eclipse.mat.feature"
         version="0.0.0"
         name="Memory Analyzer"/>

   <includes
         id="org.eclipse.mat.chart.feature"
         version="0.0.0"
         name="Memory Analyzer (Charts) [optional]"
         optional="true"/>

</feature>
